,side,quantity,price.amount,pv_level,pv_level_cum
0,ask,50,113.3,5665.0,5665.0
1,ask,40,113.44,4537.6,10202.6
2,ask,39,113.5,4426.5,14629.1
3,ask,65,113.55,7380.75,22009.85
4,ask,100,113.58,11358.0,33367.85
5,ask,29,113.6,3294.3999999999996,36662.25
6,ask,76,113.63,8635.88,45298.13
7,ask,104,113.64,11818.56,57116.689999999995
8,ask,50,113.69,5684.5,62801.189999999995
9,ask,3551,113.72,403819.72,466620.91
10,ask,1,113.73,113.73,466734.63999999996
11,ask,100,113.75,11375.0,478109.63999999996
12,ask,400,113.77,45508.0,523617.63999999996
13,ask,1319,113.8,150102.19999999998,673719.84
14,ask,478,113.85,54420.299999999996,728140.14
15,ask,25,113.87,2846.75,730986.89
16,ask,121,113.88,13779.48,744766.37
17,ask,820,113.89,93389.8,838156.17
18,ask,220,113.9,25058.0,863214.17
19,ask,237,113.95,27006.15,890220.3200000001
20,ask,25,113.96,2849.0,893069.3200000001
21,ask,105,113.97,11966.85,905036.17
22,ask,10,113.98,1139.8,906175.9700000001
23,ask,131,113.99,14932.689999999999,921108.66
24,ask,5629,114.0,641706.0,1562814.6600000001
25,ask,20,114.02,2280.4,1565095.06
26,ask,28,114.04,3193.1200000000003,1568288.1800000002
27,ask,720,114.05,82116.0,1650404.1800000002
28,ask,200,114.08,22816.0,1673220.1800000002
29,ask,30,114.09,3422.7000000000003,1676642.8800000001
30,ask,205,114.1,23390.5,1700033.3800000001
31,ask,20,114.12,2282.4,1702315.78
32,ask,372,114.13,42456.36,1744772.1400000001
33,ask,30,114.14,3424.2,1748196.34
34,ask,5,114.15,570.75,1748767.09
35,ask,50,114.19,5709.5,1754476.59
36,ask,57,114.2,6509.400000000001,1760985.99
37,ask,13,114.22,1484.86,1762470.85
38,ask,20,114.23,2284.6,1764755.4500000002
39,ask,268,114.3,30632.399999999998,1795387.85
40,ask,700,114.33,80031.0,1875418.85
41,ask,133,114.35,15208.55,1890627.4000000001
42,ask,218,114.38,24934.84,1915562.2400000002
43,ask,172,114.4,19676.8,1935239.0400000003
44,ask,10,114.41,1144.1,1936383.1400000004
45,ask,130,114.47,14881.1,1951264.2400000005
46,ask,24,114.48,2747.52,1954011.7600000005
47,ask,823,114.49,94225.26999999999,2048237.0300000005
48,ask,4696,114.5,537692.0,2585929.0300000003
49,ask,2,114.53,229.06,2586158.0900000003
50,ask,100,114.57,11457.0,2597615.0900000003
51,ask,1221,114.58,139902.18,2737517.2700000005
52,ask,12,114.59,1375.08,2738892.3500000006
53,ask,694,114.6,79532.4,2818424.7500000005
54,ask,4,114.63,458.52,2818883.2700000005
55,ask,1,114.64,114.64,2818997.9100000006
56,ask,2000,114.65,229300.0,3048297.9100000006
57,ask,200,114.67,22934.0,3071231.9100000006
58,ask,2,114.68,229.36,3071461.2700000005
59,ask,3,114.69,344.07,3071805.3400000003
60,ask,65,114.7,7455.5,3079260.8400000003
61,ask,14,114.71,1605.9399999999998,3080866.7800000003
62,ask,40,114.72,4588.8,3085455.58
63,ask,200,114.73,22946.0,3108401.58
64,ask,48,114.74,5507.5199999999995,3113909.1
65,ask,20,114.75,2295.0,3116204.1
66,ask,32,114.76,3672.32,3119876.42
67,ask,1,114.77,114.77,3119991.19
68,ask,2,114.79,229.58,3120220.77
69,ask,933,114.8,107108.4,3227329.17
70,ask,20,114.82,2296.3999999999996,3229625.57
71,ask,15,114.85,1722.75,3231348.32
72,ask,15,114.86,1722.9,3233071.2199999997
73,ask,110,114.87,12635.7,3245706.92
74,ask,150,114.88,17232.0,3262938.92
75,ask,2403,114.9,276104.7,3539043.62
76,ask,2,114.92,229.84,3539273.46
77,ask,15,114.93,1723.95,3540997.41
78,ask,5,114.94,574.7,3541572.1100000003
79,ask,160,114.95,18392.0,3559964.1100000003
80,ask,1,114.96,114.96,3560079.0700000003
81,ask,15,114.97,1724.55,3561803.62
82,ask,363,114.98,41737.74,3603541.3600000003
83,ask,686,114.99,78883.14,3682424.5000000005
84,ask,14810,115.0,1703150.0,5385574.5
85,ask,10,115.01,1150.1000000000001,5386724.6
86,ask,30,115.04,3451.2000000000003,5390175.8
87,ask,95,115.05,10929.75,5401105.55
88,ask,450,115.07,51781.5,5452887.05
89,ask,10,115.08,1150.8,5454037.85
90,ask,10,115.1,1151.0,5455188.85
91,ask,10,115.11,1151.1,5456339.949999999
92,ask,100,115.13,11513.0,5467852.949999999
93,ask,15,115.14,1727.1,5469580.049999999
94,ask,100,115.18,11518.0,5481098.049999999
95,ask,584,115.2,67276.8,5548374.849999999
96,ask,2,115.21,230.42,5548605.269999999
97,ask,17,115.22,1958.74,5550564.009999999
98,ask,40,115.25,4610.0,5555174.009999999
99,ask,9,115.26,1037.3400000000001,5556211.349999999
100,ask,116,115.28,13372.48,5569583.829999999
101,ask,10,115.29,1152.9,5570736.7299999995
102,ask,95,115.3,10953.5,5581690.2299999995
103,ask,6,115.32,691.92,5582382.149999999
104,ask,100,115.33,11533.0,5593915.149999999
105,ask,10,115.35,1153.5,5595068.649999999
106,ask,64,115.4,7385.6,5602454.249999999
107,ask,500,115.46,57730.0,5660184.249999999
108,ask,80,115.47,9237.6,5669421.849999999
109,ask,162,115.49,18709.379999999997,5688131.229999999
110,ask,1218,115.5,140679.0,5828810.229999999
111,ask,500,115.51,57755.0,5886565.229999999
112,ask,4,115.54,462.16,5887027.389999999
113,ask,85,115.56,9822.6,5896849.989999998
114,ask,51,115.58,5894.58,5902744.569999998
115,ask,1122,115.6,129703.2,6032447.769999999
116,ask,101,115.61,11676.61,6044124.379999999
117,ask,100,115.67,11567.0,6055691.379999999
118,ask,30,115.68,3470.4,6059161.779999999
119,ask,7,115.69,809.8299999999999,6059971.609999999
120,ask,104,115.7,12032.800000000001,6072004.409999999
121,ask,10,115.71,1157.1,6073161.509999999
122,ask,31,115.74,3587.94,6076749.449999999
123,ask,20,115.76,2315.2000000000003,6079064.649999999
124,ask,1,115.77,115.77,6079180.419999999
125,ask,145,115.8,16791.0,6095971.419999999
126,ask,90,115.85,10426.5,6106397.919999999
127,ask,1,115.87,115.87,6106513.789999999
128,ask,442,115.88,51218.96,6157732.749999999
129,ask,160,115.89,18542.4,6176275.149999999
130,ask,174,115.9,20166.600000000002,6196441.749999999
131,ask,5,115.94,579.7,6197021.449999999
132,ask,364,115.95,42205.8,6239227.249999999
133,ask,1300,115.96,150748.0,6389975.249999999
134,ask,55,115.98,6378.900000000001,6396354.149999999
135,ask,288,115.99,33405.119999999995,6429759.27
136,ask,4888,116.0,567008.0,6996767.27
137,ask,200,116.02,23204.0,7019971.27
138,ask,3,116.06,348.18,7020319.449999999
139,ask,3,116.07,348.21,7020667.659999999
140,ask,2,116.08,232.16,7020899.819999999
141,ask,305,116.1,35410.5,7056310.319999999
142,ask,1000,116.16,116160.0,7172470.319999999
143,ask,30,116.17,3485.1,7175955.419999999
144,ask,2,116.19,232.38,7176187.799999999
145,ask,47,116.2,5461.400000000001,7181649.199999999
146,ask,10,116.22,1162.2,7182811.399999999
147,ask,1,116.24,116.24,7182927.64
148,ask,435,116.25,50568.75,7233496.39
149,ask,151,116.26,17555.260000000002,7251051.649999999
150,ask,500,116.3,58150.0,7309201.649999999
151,ask,5,116.33,581.65,7309783.3
152,ask,5,116.38,581.9,7310365.2
153,ask,50,116.4,5820.0,7316185.2
154,ask,272,116.45,31674.4,7347859.600000001
155,ask,105,116.48,12230.4,7360090.000000001
156,ask,2903,116.5,338199.5,7698289.500000001
157,ask,10,116.54,1165.4,7699454.900000001
158,ask,62,116.6,7229.2,7706684.1000000015
159,ask,1,116.61,116.61,7706800.710000002
160,ask,5,116.65,583.25,7707383.960000002
161,ask,120,116.66,13999.199999999999,7721383.160000002
162,ask,100,116.67,11667.0,7733050.160000002
163,ask,25,116.69,2917.25,7735967.410000002
164,ask,47,116.7,5484.900000000001,7741452.310000002
165,ask,20,116.72,2334.4,7743786.710000003
166,ask,38,116.74,4436.12,7748222.830000003
167,ask,1,116.75,116.75,7748339.580000003
168,ask,31,116.78,3620.18,7751959.760000003
169,ask,363,116.8,42398.4,7794358.160000003
170,ask,3,116.81,350.43,7794708.590000003
171,ask,25,116.82,2920.5,7797629.090000003
172,ask,20,116.85,2337.0,7799966.090000003
173,ask,862,116.88,100750.56,7900716.650000002
174,ask,52,116.89,6078.28,7906794.9300000025
175,ask,100,116.9,11690.0,7918484.9300000025
176,ask,119,116.94,13915.86,7932400.790000003
177,ask,70,116.95,8186.5,7940587.290000003
178,ask,25,116.96,2924.0,7943511.290000003
179,ask,4,116.98,467.92,7943979.210000003
180,ask,304,116.99,35564.96,7979544.170000003
181,ask,6748,117.0,789516.0,8769060.170000002
182,ask,21,117.1,2459.1,8771519.270000001
183,ask,100,117.11,11711.0,8783230.270000001
184,ask,1,117.15,117.15,8783347.420000002
185,ask,10,117.16,1171.6,8784519.020000001
186,ask,2,117.17,234.34,8784753.360000001
187,ask,234,117.2,27424.8,8812178.160000002
188,ask,10,117.25,1172.5,8813350.660000002
189,ask,405,117.3,47506.5,8860857.160000002
190,ask,80,117.32,9385.599999999999,8870242.760000002
191,ask,115,117.35,13495.25,8883738.010000002
192,ask,500,117.37,58685.0,8942423.010000002
193,ask,60,117.38,7042.799999999999,8949465.810000002
194,ask,1047,117.4,122917.8,9072383.610000003
195,ask,90,117.44,10569.6,9082953.210000003
196,ask,1,117.45,117.45,9083070.660000002
197,ask,63,117.5,7402.5,9090473.160000002
198,ask,45,117.6,5292.0,9095765.160000002
199,ask,4,117.68,470.72,9096235.880000003
200,ask,11,117.77,1295.47,9097531.350000003
201,ask,160,117.8,18848.0,9116379.350000003
202,ask,100,117.82,11782.0,9128161.350000003
203,ask,1,117.85,117.85,9128279.200000003
204,ask,20,117.86,2357.2,9130636.400000002
205,ask,1227,117.88,144638.75999999998,9275275.160000002
206,ask,87,117.9,10257.300000000001,9285532.460000003
207,ask,1,117.91,117.91,9285650.370000003
208,ask,100,117.94,11794.0,9297444.370000003
209,ask,30,117.95,3538.5,9300982.870000003
210,ask,300,117.98,35394.0,9336376.870000003
211,ask,56,117.99,6607.44,9342984.310000002
212,ask,5637,118.0,665166.0,10008150.310000002
213,ask,60,118.01,7080.6,10015230.910000002
214,ask,50,118.03,5901.5,10021132.410000002
215,ask,100,118.1,11810.0,10032942.410000002
216,ask,10,118.11,1181.1,10034123.510000002
217,ask,10,118.17,1181.7,10035305.21
218,ask,38,118.18,4490.84,10039796.05
219,ask,79,118.26,9342.54,10049138.59
220,ask,40,118.3,4732.0,10053870.59
221,ask,75,118.45,8883.75,10062754.34
222,ask,513,118.5,60790.5,10123544.84
223,ask,151,118.55,17901.05,10141445.89
224,ask,30,118.57,3557.1,10145002.99
225,ask,329,118.6,39019.4,10184022.39
226,ask,36,118.64,4271.04,10188293.43
227,ask,5,118.65,593.25,10188886.68
228,ask,50,118.67,5933.5,10194820.18
229,ask,40,118.7,4748.0,10199568.18
230,ask,1,118.71,118.71,10199686.89
231,ask,7,118.75,831.25,10200518.14
232,ask,100,118.76,11876.0,10212394.14
233,ask,1409,118.8,167389.19999999998,10379783.34
234,ask,100,118.86,11886.0,10391669.34
235,ask,30,118.87,3566.1000000000004,10395235.44
236,ask,2880,118.88,342374.39999999997,10737609.84
237,ask,120,118.9,14268.0,10751877.84
238,ask,60,118.91,7134.599999999999,10759012.44
239,ask,30,118.94,3568.2,10762580.639999999
240,ask,279,118.98,33195.42,10795776.059999999
241,ask,1937,119.0,230503.0,11026279.059999999
242,ask,51,119.03,6070.53,11032349.589999998
243,ask,10,119.05,1190.5,11033540.089999998
244,ask,5,119.08,595.4,11034135.489999998
245,ask,1,119.09,119.09,11034254.579999998
246,ask,11,119.1,1310.1,11035564.679999998
247,ask,5,119.14,595.7,11036160.379999997
248,ask,45,119.2,5364.0,11041524.379999997
249,ask,35,119.24,4173.4,11045697.779999997
250,ask,20,119.28,2385.6,11048083.379999997
251,ask,2043,119.3,243729.9,11291813.279999997
252,ask,5,119.38,596.9,11292410.179999998
253,ask,10,119.4,1194.0,11293604.179999998
254,ask,100,119.44,11944.0,11305548.179999998
255,ask,228,119.5,27246.0,11332794.179999998
256,ask,4,119.58,478.32,11333272.499999998
257,ask,4,119.59,478.36,11333750.859999998
258,ask,35,119.6,4186.0,11337936.859999998
259,ask,150,119.62,17943.0,11355879.859999998
260,ask,2,119.64,239.28,11356119.139999997
261,ask,50,119.66,5983.0,11362102.139999997
262,ask,1,119.7,119.7,11362221.839999996
263,ask,20,119.74,2394.7999999999997,11364616.639999997
264,ask,50,119.75,5987.5,11370604.139999997
265,ask,175,119.8,20965.0,11391569.139999997
266,ask,230,119.88,27572.399999999998,11419141.539999997
267,ask,106,119.89,12708.34,11431849.879999997
268,ask,4361,119.9,522883.9,11954733.779999997
269,ask,1,119.91,119.91,11954853.689999998
270,ask,125,119.94,14992.5,11969846.189999998
271,ask,3602,119.95,432059.9,12401906.089999998
272,ask,100,119.96,11996.0,12413902.089999998
273,ask,1,119.98,119.98,12414022.069999998
274,ask,520,119.99,62394.799999999996,12476416.87
275,ask,15664,120.0,1879680.0,14356096.87
276,ask,6,120.01,720.0600000000001,14356816.93
277,ask,50,120.1,6005.0,14362821.93
278,ask,8,120.15,961.2,14363783.129999999
279,ask,33,120.2,3966.6,14367749.729999999
280,ask,1,120.22,120.22,14367869.95
281,ask,1,120.24,120.24,14367990.19
282,ask,69,120.5,8314.5,14376304.69
283,ask,50,120.6,6030.0,14382334.69
284,ask,500,120.68,60340.0,14442674.69
285,ask,50,120.7,6035.0,14448709.69
286,ask,1,120.73,120.73,14448830.42
287,ask,91,120.8,10992.8,14459823.22
288,ask,2,120.84,241.68,14460064.9
289,ask,150,120.88,18132.0,14478196.9
290,ask,5,120.9,604.5,14478801.4
291,ask,234,120.94,28299.96,14507101.360000001
292,ask,101,120.98,12218.98,14519320.340000002
293,ask,474,121.0,57354.0,14576674.340000002
294,ask,1,121.01,121.01,14576795.350000001
295,ask,10,121.03,1210.3,14578005.650000002
296,ask,100,121.23,12123.0,14590128.650000002
297,ask,27,121.3,3275.1,14593403.750000002
298,ask,3,121.38,364.14,14593767.890000002
299,ask,2,121.39,242.78,14594010.670000002
300,ask,8,121.44,971.52,14594982.190000001
301,ask,1,121.48,121.48,14595103.670000002
302,ask,1292,121.5,156978.0,14752081.670000002
303,ask,220,121.6,26752.0,14778833.670000002
304,ask,85,121.64,10339.4,14789173.070000002
305,ask,121,121.8,14737.8,14803910.870000003
306,ask,5,121.81,609.05,14804519.920000004
307,ask,8,121.82,974.56,14805494.480000004
308,ask,50,121.88,6094.0,14811588.480000004
309,ask,7,121.95,853.65,14812442.130000005
310,ask,1000,121.98,121980.0,14934422.130000005
311,ask,270,121.99,32937.299999999996,14967359.430000005
312,ask,1753,122.0,213866.0,15181225.430000005
313,ask,800,122.1,97680.0,15278905.430000005
314,ask,30,122.15,3664.5,15282569.930000005
315,ask,11,122.18,1343.98,15283913.910000006
316,ask,200,122.2,24440.0,15308353.910000006
317,ask,80,122.22,9777.6,15318131.510000005
318,ask,2,122.3,244.6,15318376.110000005
319,ask,23,122.5,2817.5,15321193.610000005
320,ask,200,122.6,24520.0,15345713.610000005
321,ask,100,122.61,12261.0,15357974.610000005
322,ask,20,122.7,2454.0,15360428.610000005
323,ask,25,122.84,3071.0,15363499.610000005
324,ask,70,122.86,8600.2,15372099.810000004
325,ask,15,122.96,1844.3999999999999,15373944.210000005
326,ask,1150,122.99,141438.5,15515382.710000005
327,ask,2533,123.0,311559.0,15826941.710000005
328,ask,5,123.04,615.2,15827556.910000004
329,ask,1,123.07,123.07,15827679.980000004
330,ask,100,123.12,12312.0,15839991.980000004
331,ask,20,123.18,2463.6000000000004,15842455.580000004
332,ask,10,123.23,1232.3,15843687.880000005
333,ask,20,123.3,2466.0,15846153.880000005
334,ask,18,123.33,2219.94,15848373.820000004
335,ask,10,123.4,1234.0,15849607.820000004
336,ask,20,123.42,2468.4,15852076.220000004
337,ask,195,123.5,24082.5,15876158.720000004
338,ask,527,123.8,65242.6,15941401.320000004
339,ask,6,123.89,743.34,15942144.660000004
340,ask,75,123.9,9292.5,15951437.160000004
341,ask,89,123.97,11033.33,15962470.490000004
342,ask,1206,123.99,149531.94,16112002.430000003
343,ask,10719,124.0,1329156.0,17441158.430000003
344,ask,2,124.1,248.2,17441406.630000003
345,ask,2,124.4,248.8,17441655.430000003
346,ask,10,124.44,1244.4,17442899.830000002
347,ask,57,124.5,7096.5,17449996.330000002
348,ask,1,124.64,124.64,17450120.970000003
349,ask,55,124.66,6856.3,17456977.270000003
350,ask,32,124.7,3990.4,17460967.67
351,ask,20,124.8,2496.0,17463463.67
352,ask,310,124.88,38712.799999999996,17502176.470000003
353,ask,10,124.89,1248.9,17503425.37
354,ask,10,124.9,1249.0,17504674.37
355,ask,26282,125.0,3285250.0,20789924.37
356,ask,10,125.39,1253.9,20791178.27
357,ask,70,125.4,8778.0,20799956.27
358,ask,250,125.5,31375.0,20831331.27
359,ask,20,125.55,2511.0,20833842.27
360,ask,1,125.68,125.68,20833967.95
361,ask,100,125.79,12579.0,20846546.95
362,ask,1,125.8,125.8,20846672.75
363,ask,10,125.83,1258.3,20847931.05
364,ask,2,125.9,251.8,20848182.85
365,ask,1246,126.0,156996.0,21005178.85
366,ask,12,126.01,1512.1200000000001,21006690.970000003
367,ask,900,126.04,113436.0,21120126.970000003
368,ask,82,126.08,10338.56,21130465.53
369,ask,400,126.15,50460.0,21180925.53
370,ask,3,126.28,378.84000000000003,21181304.37
371,ask,200,126.35,25270.0,21206574.37
372,ask,6,126.5,759.0,21207333.37
373,ask,500,126.58,63290.0,21270623.37
374,ask,5,126.66,633.3,21271256.67
375,ask,20,126.7,2534.0,21273790.67
376,ask,5,126.78,633.9,21274424.57
377,ask,27,126.83,3424.41,21277848.98
378,ask,50,126.9,6345.0,21284193.98
379,ask,4,126.92,507.68,21284701.66
380,ask,100,126.99,12699.0,21297400.66
381,ask,1053,127.0,133731.0,21431131.66
382,ask,7,127.1,889.6999999999999,21432021.36
383,ask,24,127.5,3060.0,21435081.36
384,ask,100,127.6,12760.0,21447841.36
385,ask,30,127.8,3834.0,21451675.36
386,ask,15,127.88,1918.1999999999998,21453593.56
387,ask,100,127.89,12789.0,21466382.56
388,ask,245,127.9,31335.5,21497718.06
389,ask,1496,128.0,191488.0,21689206.06
390,ask,20,128.05,2561.0,21691767.06
391,ask,1,128.28,128.28,21691895.34
392,ask,2595,128.35,333068.25,22024963.59
393,ask,22,128.5,2827.0,22027790.59
394,ask,100,128.56,12856.0,22040646.59
395,ask,7,128.6,900.1999999999999,22041546.79
396,ask,3,128.64,385.91999999999996,22041932.71
397,ask,120,128.7,15443.999999999998,22057376.71
398,ask,20,128.78,2575.6,22059952.310000002
399,ask,1016,128.8,130860.80000000002,22190813.110000003
400,ask,102,128.88,13145.76,22203958.870000005
401,ask,648,129.0,83592.0,22287550.870000005
402,ask,50,129.2,6459.999999999999,22294010.870000005
403,ask,200,129.26,25852.0,22319862.870000005
404,ask,300,129.28,38784.0,22358646.870000005
405,ask,38,129.31,4913.78,22363560.650000006
406,ask,100,129.35,12935.0,22376495.650000006
407,ask,28,129.5,3626.0,22380121.650000006
408,ask,30,129.57,3887.1,22384008.750000007
409,ask,500,129.7,64849.99999999999,22448858.750000007
410,ask,20,129.88,2597.6,22451456.35000001
411,ask,6,129.89,779.3399999999999,22452235.69000001
412,ask,68,129.99,8839.32,22461075.01000001
413,ask,1786,130.0,232180.0,22693255.01000001
414,ask,17,130.16,2212.72,22695467.730000008
415,ask,7,130.49,913.4300000000001,22696381.160000008
416,ask,20,130.7,2614.0,22698995.160000008
417,ask,1,130.8,130.8,22699125.96000001
418,ask,184,131.0,24104.0,22723229.96000001
419,ask,25,131.4,3285.0,22726514.96000001
420,ask,40,131.5,5260.0,22731774.96000001
421,ask,80,131.8,10544.0,22742318.96000001
422,ask,20,131.95,2639.0,22744957.96000001
423,ask,51,132.0,6732.0,22751689.96000001
424,ask,1,132.8,132.8,22751822.76000001
425,ask,1,132.87,132.87,22751955.63000001
426,ask,160,133.0,21280.0,22773235.63000001
427,ask,5,133.33,666.6500000000001,22773902.28000001
428,ask,20,133.4,2668.0,22776570.28000001
429,ask,66,133.48,8809.679999999998,22785379.96000001
430,ask,1,133.66,133.66,22785513.62000001
431,ask,10,133.7,1337.0,22786850.62000001
432,ask,2735,134.0,366490.0,23153340.62000001
433,ask,10,134.01,1340.1,23154680.72000001
434,ask,20,134.28,2685.6,23157366.32000001
435,ask,100,134.56,13456.0,23170822.32000001
436,ask,50,134.68,6734.0,23177556.32000001
437,ask,5,134.86,674.3000000000001,23178230.620000012
438,ask,156,134.88,21041.28,23199271.900000013
439,ask,3,134.9,404.70000000000005,23199676.600000013
440,ask,6,134.91,809.46,23200486.060000014
441,ask,978,135.0,132030.0,23332516.060000014
442,ask,7,135.1,945.6999999999999,23333461.760000013
443,ask,20,135.11,2702.2000000000003,23336163.960000012
444,ask,2,135.12,270.24,23336434.20000001
445,ask,5,135.25,676.25,23337110.45000001
446,ask,50,135.58,6779.000000000001,23343889.45000001
447,ask,1,135.8,135.8,23344025.25000001
448,ask,15,135.86,2037.9,23346063.15000001
449,ask,20,135.95,2719.0,23348782.15000001
450,ask,225,136.0,30600.0,23379382.15000001
451,ask,100,136.03,13603.0,23392985.15000001
452,ask,30,136.66,4099.8,23397084.95000001
453,ask,787,137.0,107819.0,23504903.95000001
454,ask,200,137.25,27450.0,23532353.95000001
455,ask,2,137.29,274.58,23532628.53000001
456,ask,76,137.33,10437.080000000002,23543065.610000007
457,ask,7,137.95,965.6499999999999,23544031.260000005
458,ask,3566,138.0,492108.0,24036139.260000005
459,ask,20,138.2,2764.0,24038903.260000005
460,ask,10,138.25,1382.5,24040285.760000005
461,ask,559,138.88,77633.92,24117919.680000007
462,ask,983,139.0,136637.0,24254556.680000007
463,ask,100,139.03,13903.0,24268459.680000007
464,ask,100,139.4,13940.0,24282399.680000007
465,ask,6,139.8,838.8000000000001,24283238.480000008
466,ask,70,139.81,9786.7,24293025.180000007
467,ask,6,139.88,839.28,24293864.46000001
468,ask,50,139.9,6995.0,24300859.46000001
469,ask,21,139.99,2939.79,24303799.250000007
470,ask,9091,140.0,1272740.0,25576539.250000007
471,ask,1500,140.3,210450.00000000003,25786989.250000007
472,ask,13,140.8,1830.4,25788819.650000006
473,ask,2001,141.0,282141.0,26070960.650000006
474,ask,34,142.0,4828.0,26075788.650000006
475,ask,120,142.2,17064.0,26092852.650000006
476,ask,72,142.4,10252.800000000001,26103105.450000007
477,ask,4,142.5,570.0,26103675.450000007
478,ask,5,142.58,712.9000000000001,26104388.350000005
479,ask,5,143.0,715.0,26105103.350000005
480,ask,7,143.1,1001.6999999999999,26106105.050000004
481,ask,121,143.8,17399.800000000003,26123504.850000005
482,ask,410,143.97,59027.7,26182532.550000004
483,ask,31,144.0,4464.0,26186996.550000004
484,ask,6,144.84,869.04,26187865.590000004
485,ask,8,144.88,1159.04,26189024.630000003
486,ask,393,145.0,56985.0,26246009.630000003
487,ask,10,145.5,1455.0,26247464.630000003
488,ask,18,145.54,2619.72,26250084.35
489,ask,1,145.8,145.8,26250230.150000002
490,ask,173,146.0,25258.0,26275488.150000002
491,ask,6,146.58,879.48,26276367.630000003
492,ask,6,146.66,879.96,26277247.590000004
493,ask,80,146.88,11750.4,26288997.990000002
494,ask,452,147.0,66444.0,26355441.990000002
495,ask,20,147.7,2954.0,26358395.990000002
496,ask,46,147.88,6802.48,26365198.470000003
497,ask,205,148.0,30340.0,26395538.470000003
498,ask,20,148.3,2966.0,26398504.470000003
499,ask,1,148.4,148.4,26398652.87
500,ask,94,148.5,13959.0,26412611.87
501,ask,3,148.8,446.40000000000003,26413058.27
502,ask,20,148.88,2977.6,26416035.87
503,ask,330,149.0,49170.0,26465205.87
504,ask,10,149.45,1494.5,26466700.37
505,ask,1,149.49,149.49,26466849.86
506,ask,16,149.5,2392.0,26469241.86
507,ask,15,149.75,2246.25,26471488.11
508,ask,1,149.88,149.88,26471637.99
509,ask,15,149.89,2248.35,26473886.34
510,ask,50,149.9,7495.0,26481381.34
511,ask,20,149.98,2999.6,26484380.94
512,ask,14,149.99,2099.86,26486480.8
513,ask,4495,150.0,674250.0,27160730.8
514,ask,20,150.2,3004.0,27163734.8
515,ask,1,150.8,150.8,27163885.6
516,ask,5,151.0,755.0,27164640.6
517,ask,7,151.1,1057.7,27165698.3
518,ask,4,151.58,606.32,27166304.62
519,ask,152,152.0,23104.0,27189408.62
520,ask,360,153.0,55080.0,27244488.62
521,ask,100,153.79,15379.0,27259867.62
522,ask,5,153.95,769.75,27260637.37
523,ask,5,154.0,770.0,27261407.37
524,ask,2800,154.26,431928.0,27693335.37
525,ask,2000,154.58,309160.0,28002495.37
526,ask,50,154.9,7745.0,28010240.37
527,ask,2414,155.0,374170.0,28384410.37
528,ask,10,155.6,1556.0,28385966.37
529,ask,60,156.0,9360.0,28395326.37
530,ask,2000,157.45,314900.0,28710226.37
531,ask,3114,158.0,492012.0,29202238.37
532,ask,7,158.1,1106.7,29203345.07
533,ask,200,158.6,31720.0,29235065.07
534,ask,10,158.84,1588.4,29236653.47
535,ask,10,158.88,1588.8,29238242.27
536,ask,30,158.92,4767.599999999999,29243009.87
537,ask,23,159.0,3657.0,29246666.87
538,ask,9,159.3,1433.7,29248100.57
539,ask,50,159.9,7995.0,29256095.57
540,ask,780,160.0,124800.0,29380895.57
541,ask,20,160.02,3200.4,29384095.97
542,ask,100,160.5,16050.0,29400145.97
543,ask,2,161.11,322.22,29400468.189999998
544,ask,4,161.85,647.4,29401115.589999996
545,ask,3,162.0,486.0,29401601.589999996
546,ask,3,163.0,489.0,29402090.589999996
547,ask,2,163.18,326.36,29402416.949999996
548,ask,33,163.8,5405.400000000001,29407822.349999994
549,ask,45,164.0,7380.0,29415202.349999994
550,ask,3,164.41,493.23,29415695.579999994
551,ask,10,164.5,1645.0,29417340.579999994
552,ask,423,165.0,69795.0,29487135.579999994
553,ask,6,165.66,993.96,29488129.539999995
554,ask,18,166.0,2988.0,29491117.539999995
555,ask,2,166.36,332.72,29491450.259999994
556,ask,100,166.66,16666.0,29508116.259999994
557,ask,1,166.8,166.8,29508283.059999995
558,ask,50,167.39,8369.5,29516652.559999995
559,ask,5,167.67,838.3499999999999,29517490.909999996
560,ask,50,167.8,8390.0,29525880.909999996
561,ask,1428,168.0,239904.0,29765784.909999996
562,ask,20,168.5,3370.0,29769154.909999996
563,ask,103,168.8,17386.4,29786541.309999995
564,ask,300,168.88,50664.0,29837205.309999995
565,ask,106,169.0,17914.0,29855119.309999995
566,ask,125,169.03,21128.75,29876248.059999995
567,ask,100,169.19,16919.0,29893167.059999995
568,ask,10,169.47,1694.7,29894861.759999994
569,ask,1300,169.5,220350.0,30115211.759999994
570,ask,100,169.8,16980.0,30132191.759999994
571,ask,2314,170.0,393380.0,30525571.759999994
572,ask,6,170.38,1022.28,30526594.039999995
573,ask,101,171.0,17271.0,30543865.039999995
574,ask,57,171.7,9786.9,30553651.939999994
575,ask,2000,171.99,343980.0,30897631.939999994
576,ask,1396,172.0,240112.0,31137743.939999994
577,ask,10,172.23,1722.3,31139466.239999995
578,ask,39,172.8,6739.200000000001,31146205.439999994
579,ask,248,173.0,42904.0,31189109.439999994
580,ask,4,173.1,692.4,31189801.839999992
581,ask,600,174.98,104988.0,31294789.839999992
582,ask,6856,175.0,1199800.0,32494589.839999992
583,ask,9,175.5,1579.5,32496169.339999992
584,ask,2,175.55,351.1,32496520.439999994
585,ask,100,175.75,17575.0,32514095.439999994
586,ask,260,176.0,45760.0,32559855.439999994
587,ask,40,176.01,7040.4,32566895.839999992
588,ask,5,176.06,880.3,32567776.139999993
589,ask,100,176.5,17650.0,32585426.139999993
590,ask,5,176.6,883.0,32586309.139999993
591,ask,10,177.0,1770.0,32588079.139999993
592,ask,28,177.44,4968.32,32593047.459999993
593,ask,56,178.0,9968.0,32603015.459999993
594,ask,10,178.07,1780.6999999999998,32604796.159999993
595,ask,5,178.53,892.65,32605688.80999999
596,ask,4,178.8,715.2,32606404.00999999
597,ask,83,179.0,14857.0,32621261.00999999
598,ask,10,179.32,1793.1999999999998,32623054.20999999
599,ask,10,179.8,1798.0,32624852.20999999
600,ask,4,179.88,719.52,32625571.72999999
601,ask,50,179.9,8995.0,32634566.72999999
602,ask,25,179.99,4499.75,32639066.47999999
603,ask,1063,180.0,191340.0,32830406.47999999
604,ask,1,180.5,180.5,32830586.97999999
605,ask,79,181.0,14299.0,32844885.97999999
606,ask,500,181.68,90840.0,32935725.97999999
607,ask,205,182.0,37310.0,32973035.97999999
608,ask,20,182.1,3642.0,32976677.97999999
609,ask,2,182.2,364.4,32977042.379999988
610,ask,10,182.42,1824.1999999999998,32978866.579999987
611,ask,100,182.5,18250.0,32997116.579999987
612,ask,300,182.68,54804.0,33051920.579999987
613,ask,1446,183.0,264618.0,33316538.579999987
614,ask,30,183.51,5505.299999999999,33322043.879999988
615,ask,10,183.6,1836.0,33323879.879999988
616,ask,500,183.68,91840.0,33415719.879999988
617,ask,5,184.86,924.3000000000001,33416644.17999999
618,ask,1000,184.88,184880.0,33601524.17999999
619,ask,807,185.0,149295.0,33750819.17999999
620,ask,100,185.58,18558.0,33769377.17999999
621,ask,10,185.65,1856.5,33771233.67999999
622,ask,2770,185.91,514970.7,34286204.379999995
623,ask,20,185.95,3719.0,34289923.379999995
624,ask,500,185.99,92995.0,34382918.379999995
625,ask,148,186.0,27528.0,34410446.379999995
626,ask,2000,186.58,373160.0,34783606.379999995
627,ask,4,187.88,751.52,34784357.9
628,ask,3141,188.0,590508.0,35374865.9
629,ask,10,188.38,1883.8,35376749.699999996
630,ask,2000,188.5,377000.0,35753749.699999996
631,ask,3000,188.68,566040.0,36319789.699999996
632,ask,152,189.0,28728.0,36348517.699999996
633,ask,16,189.8,3036.8,36351554.49999999
634,ask,50,189.9,9495.0,36361049.49999999
635,ask,2098,190.0,398620.0,36759669.49999999
636,ask,3,190.9,572.7,36760242.199999996
637,ask,65,191.0,12415.0,36772657.199999996
638,ask,1,191.87,191.87,36772849.06999999
639,ask,35,191.91,6716.849999999999,36779565.919999994
640,ask,1,192.0,192.0,36779757.919999994
641,ask,2000,192.2,384400.0,37164157.919999994
642,ask,23,193.0,4439.0,37168596.919999994
643,ask,17,194.0,3298.0,37171894.919999994
644,ask,10,194.5,1945.0,37173839.919999994
645,ask,445,195.0,86775.0,37260614.919999994
646,ask,6,196.0,1176.0,37261790.919999994
647,ask,241,197.0,47477.0,37309267.919999994
648,ask,1,197.2,197.2,37309465.12
649,ask,19,197.25,3747.75,37313212.87
650,ask,3,197.3,591.9000000000001,37313804.769999996
651,ask,3,197.5,592.5,37314397.269999996
652,ask,1500,197.59,296385.0,37610782.269999996
653,ask,26,197.82,5143.32,37615925.589999996
654,ask,97,198.0,19206.0,37635131.589999996
655,ask,15,198.5,2977.5,37638109.089999996
656,ask,3,198.77,596.3100000000001,37638705.4
657,ask,158,198.8,31410.4,37670115.8
658,ask,10,198.95,1989.5,37672105.3
659,ask,413,199.0,82187.0,37754292.3
660,ask,5,199.25,996.25,37755288.55
661,ask,4,199.51,798.04,37756086.589999996
662,ask,20,199.6,3992.0,37760078.589999996
663,ask,5,199.7,998.5,37761077.089999996
664,ask,37,199.8,7392.6,37768469.69
665,ask,2,199.85,399.7,37768869.39
666,ask,20,199.88,3997.6,37772866.99
667,ask,4,199.9,799.6,37773666.59
668,ask,3060,199.99,611969.4,38385635.99
669,ask,3436,200.0,687200.0,39072835.99
670,ask,2,200.02,400.04,39073236.03
671,ask,109,201.0,21909.0,39095145.03
672,ask,10,201.5,2015.0,39097160.03
673,ask,153,202.0,30906.0,39128066.03
674,ask,78,203.0,15834.0,39143900.03
675,ask,4,203.81,815.24,39144715.27
676,ask,102,204.0,20808.0,39165523.27
677,ask,602,205.0,123410.0,39288933.27
678,ask,10,206.95,2069.5,39291002.77
679,ask,120,207.88,24945.6,39315948.370000005
680,ask,100,208.0,20800.0,39336748.370000005
681,ask,1039,210.0,218190.0,39554938.370000005
682,ask,18,210.01,3780.18,39558718.550000004
683,ask,1,210.79,210.79,39558929.34
684,ask,10,211.65,2116.5,39561045.84
685,ask,1,212.0,212.0,39561257.84
686,ask,20,213.3,4266.0,39565523.84
687,ask,48,214.0,10272.0,39575795.84
688,ask,5,214.8,1074.0,39576869.84
689,ask,30,215.0,6450.0,39583319.84
690,ask,10,215.95,2159.5,39585479.34
691,ask,170,216.0,36720.0,39622199.34
692,ask,1,218.0,218.0,39622417.34
693,ask,31,220.0,6820.0,39629237.34
694,ask,3,221.1,663.3,39629900.64
695,ask,120,222.0,26640.0,39656540.64
696,ask,10,223.0,2230.0,39658770.64
697,ask,1114,224.19,249747.66,39908518.3
698,ask,13,225.0,2925.0,39911443.3
699,ask,30,225.5,6765.0,39918208.3
700,ask,25,226.5,5662.5,39923870.8
701,ask,4,227.0,908.0,39924778.8
702,ask,13,228.0,2964.0,39927742.8
703,ask,10,229.95,2299.5,39930042.3
704,ask,6045,230.0,1390350.0,41320392.3
705,ask,1300,232.95,302835.0,41623227.3
706,ask,3,234.0,702.0,41623929.3
707,ask,100,234.15,23415.0,41647344.3
708,ask,50,235.0,11750.0,41659094.3
709,ask,54,237.0,12798.0,41671892.3
710,ask,260,237.7,61802.0,41733694.3
711,ask,3,238.0,714.0,41734408.3
712,ask,400,238.85,95540.0,41829948.3
713,ask,19,239.0,4541.0,41834489.3
714,ask,130,239.7,31161.0,41865650.3
715,ask,44,240.0,10560.0,41876210.3
716,ask,10,240.01,2400.1,41878610.4
717,ask,6,245.0,1470.0,41880080.4
718,ask,1000,249.6,249600.0,42129680.4
719,ask,102,249.99,25498.98,42155179.379999995
720,ask,570,250.0,142500.0,42297679.379999995
721,ask,2,251.0,502.0,42298181.379999995
722,ask,4,255.0,1020.0,42299201.379999995
723,ask,100,259.31,25931.0,42325132.379999995
724,ask,43,259.99,11179.57,42336311.949999996
725,ask,1,260.0,260.0,42336571.949999996
726,ask,15,265.0,3975.0,42340546.949999996
727,ask,3,267.0,801.0,42341347.949999996
728,ask,10024,270.0,2706480.0,45047827.949999996
729,ask,50,270.16,13508.000000000002,45061335.949999996
730,ask,100,273.0,27300.0,45088635.949999996
731,ask,200,274.2,54840.0,45143475.949999996
732,ask,780,275.0,214500.0,45357975.949999996
733,ask,1,277.0,277.0,45358252.949999996
734,ask,50,277.7,13885.0,45372137.949999996
735,ask,2,279.0,558.0,45372695.949999996
736,ask,20,280.0,5600.0,45378295.949999996
737,ask,15,285.0,4275.0,45382570.949999996
738,ask,2145,285.05,611432.25,45994003.199999996
739,ask,71,287.43,20407.53,46014410.73
740,ask,1,288.0,288.0,46014698.73
741,ask,10,289.0,2890.0,46017588.73
742,ask,65,290.0,18850.0,46036438.73
743,ask,1,296.45,296.45,46036735.18
744,ask,253,297.0,75141.0,46111876.18
745,ask,1,298.0,298.0,46112174.18
746,ask,1407,299.74,421734.18,46533908.36
747,ask,2205,300.0,661500.0,47195408.36
748,ask,585,301.0,176085.0,47371493.36
749,ask,40,302.0,12080.0,47383573.36
750,ask,130,303.1,39403.0,47422976.36
751,ask,2800,304.4,852319.9999999999,48275296.36
752,ask,31,305.0,9455.0,48284751.36
753,ask,55,306.7,16868.5,48301619.86
754,ask,6,309.0,1854.0,48303473.86
755,ask,10,310.0,3100.0,48306573.86
756,ask,1,313.13,313.13,48306886.99
757,ask,3,314.4,943.1999999999999,48307830.190000005
758,ask,6,315.0,1890.0,48309720.190000005
759,ask,27,320.0,8640.0,48318360.190000005
760,ask,1000,325.0,325000.0,48643360.190000005
761,ask,3,325.5,976.5,48644336.690000005
762,ask,431,326.94,140911.13999999998,48785247.830000006
763,ask,9,336.15,3025.35,48788273.18000001
764,ask,8,341.0,2728.0,48791001.18000001
765,ask,20,342.67,6853.400000000001,48797854.580000006
766,ask,500,345.67,172835.0,48970689.580000006
767,ask,2361,350.0,826350.0,49797039.580000006
768,ask,756,366.0,276696.0,50073735.580000006
769,ask,3,369.0,1107.0,50074842.580000006
770,ask,2100,370.0,777000.0,50851842.580000006
771,ask,5,375.0,1875.0,50853717.580000006
772,ask,1398,384.0,536832.0,51390549.580000006
773,ask,83,388.0,32204.0,51422753.580000006
774,ask,2576,388.19,999977.44,52422731.02
775,ask,1190,400.0,476000.0,52898731.02
776,ask,1910,410.0,783100.0,53681831.02
777,ask,2,412.0,824.0,53682655.02
778,ask,3,414.49,1243.47,53683898.49
779,ask,210,415.0,87150.0,53771048.49
780,ask,50,420.0,21000.0,53792048.49
781,ask,1061,420.69,446352.09,54238400.580000006
782,ask,38,450.0,17100.0,54255500.580000006
783,ask,2150,466.0,1001900.0,55257400.580000006
784,ask,909,466.98,424484.82,55681885.400000006
785,ask,500,499.0,249500.0,55931385.400000006
786,ask,4300,500.0,2150000.0,58081385.400000006
787,ask,1000,591.0,591000.0,58672385.400000006
788,ask,1000,592.0,592000.0,59264385.400000006
789,ask,1000,593.0,593000.0,59857385.400000006
790,ask,800,600.0,480000.0,60337385.400000006
791,ask,1,650.0,650.0,60338035.400000006
792,ask,375,666.67,250001.24999999997,60588036.650000006
793,ask,2400,676.0,1622400.0,62210436.650000006
794,ask,355,700.0,248500.0,62458936.650000006
795,ask,300,799.01,239703.0,62698639.650000006
796,ask,300,898.0,269400.0,62968039.650000006
797,ask,120,998.0,119760.0,63087799.650000006
798,ask,1000,999.99,999990.0,64087789.650000006
799,ask,2721,1000.0,2721000.0,66808789.650000006
800,ask,54,1111.0,59994.0,66868783.650000006
801,ask,192,1168.0,224256.0,67093039.650000006
802,ask,598,1200.0,717600.0,67810639.65
803,ask,5,1230.0,6150.0,67816789.65
804,ask,3000,1337.0,4011000.0,71827789.65
805,bid,37,113.22,4189.14,4189.14
806,bid,34,113.21,3849.14,8038.280000000001
807,bid,2,113.2,226.4,8264.68
808,bid,500,113.18,56590.0,64854.68
809,bid,259,113.1,29292.899999999998,94147.58
810,bid,964,113.0,108932.0,203079.58000000002
811,bid,20,112.99,2259.7999999999997,205339.38
812,bid,4,112.98,451.92,205791.30000000002
813,bid,170,112.96,19203.2,224994.50000000003
814,bid,3,112.95,338.85,225333.35000000003
815,bid,30,112.91,3387.2999999999997,228720.65000000002
816,bid,1,112.88,112.88,228833.53000000003
817,bid,30,112.85,3385.5,232219.03000000003
818,bid,100,112.83,11283.0,243502.03000000003
819,bid,9,112.8,1015.1999999999999,244517.23000000004
820,bid,10,112.72,1127.2,245644.43000000005
821,bid,60,112.7,6762.0,252406.43000000005
822,bid,330,112.6,37158.0,289564.43000000005
823,bid,2006,112.55,225775.3,515339.73000000004
824,bid,123,112.51,13838.730000000001,529178.4600000001
825,bid,925,112.5,104062.5,633240.9600000001
826,bid,200,112.45,22490.0,655730.9600000001
827,bid,50,112.42,5621.0,661351.9600000001
828,bid,110,112.4,12364.0,673715.9600000001
829,bid,680,112.39,76425.2,750141.16
830,bid,1,112.3,112.3,750253.4600000001
831,bid,50,112.27,5613.5,755866.9600000001
832,bid,100,112.26,11226.0,767092.9600000001
833,bid,100,112.21,11221.0,778313.9600000001
834,bid,153,112.2,17166.600000000002,795480.56
835,bid,100,112.19,11219.0,806699.56
836,bid,10,112.17,1121.7,807821.26
837,bid,2135,112.16,239461.6,1047282.86
838,bid,118,112.12,13230.16,1060513.02
839,bid,1100,112.11,123321.0,1183834.02
840,bid,165,112.1,18496.5,1202330.52
841,bid,100,112.08,11208.0,1213538.52
842,bid,13,112.07,1456.9099999999999,1214995.43
843,bid,100,112.06,11206.0,1226201.43
844,bid,1019,112.05,114178.95,1340380.38
845,bid,100,112.02,11202.0,1351582.38
846,bid,604,112.01,67654.04000000001,1419236.42
847,bid,2277,112.0,255024.0,1674260.42
848,bid,100,111.96,11196.0,1685456.42
849,bid,100,111.91,11191.0,1696647.42
850,bid,75,111.9,8392.5,1705039.92
851,bid,81,111.89,9063.09,1714103.01
852,bid,105,111.88,11747.4,1725850.41
853,bid,20,111.87,2237.4,1728087.8099999998
854,bid,100,111.86,11186.0,1739273.8099999998
855,bid,20,111.85,2237.0,1741510.8099999998
856,bid,2,111.83,223.66,1741734.4699999997
857,bid,102,111.81,11404.62,1753139.0899999999
858,bid,176,111.8,19676.8,1772815.89
859,bid,110,111.78,12295.8,1785111.69
860,bid,5,111.77,558.85,1785670.54
861,bid,20,111.76,2235.2000000000003,1787905.74
862,bid,1100,111.75,122925.0,1910830.74
863,bid,100,111.74,11174.0,1922004.74
864,bid,2000,111.73,223460.0,2145464.74
865,bid,10,111.71,1117.1,2146581.8400000003
866,bid,105,111.68,11726.400000000001,2158308.24
867,bid,10,111.67,1116.7,2159424.9400000004
868,bid,119,111.66,13287.539999999999,2172712.4800000004
869,bid,47,111.64,5247.08,2177959.5600000005
870,bid,50,111.63,5581.5,2183541.0600000005
871,bid,200,111.6,22320.0,2205861.0600000005
872,bid,100,111.55,11155.0,2217016.0600000005
873,bid,2100,111.53,234213.0,2451229.0600000005
874,bid,1167,111.5,130120.5,2581349.5600000005
875,bid,50,111.48,5574.0,2586923.5600000005
876,bid,100,111.47,11147.0,2598070.5600000005
877,bid,100,111.46,11146.0,2609216.5600000005
878,bid,290,111.44,32317.6,2641534.1600000006
879,bid,110,111.42,12256.2,2653790.360000001
880,bid,1000,111.4,111400.0,2765190.360000001
881,bid,100,111.38,11138.0,2776328.360000001
882,bid,3010,111.33,335103.3,3111431.6600000006
883,bid,50,111.32,5566.0,3116997.6600000006
884,bid,73,111.3,8124.9,3125122.5600000005
885,bid,60,111.26,6675.6,3131798.1600000006
886,bid,50,111.25,5562.5,3137360.6600000006
887,bid,10,111.23,1112.3,3138472.9600000004
888,bid,270,111.21,30026.699999999997,3168499.6600000006
889,bid,291,111.2,32359.2,3200858.860000001
890,bid,250,111.13,27782.5,3228641.360000001
891,bid,6,111.12,666.72,3229308.080000001
892,bid,292,111.11,32444.12,3261752.200000001
893,bid,173,111.1,19220.3,3280972.500000001
894,bid,200,111.09,22218.0,3303190.500000001
895,bid,100,111.03,11103.0,3314293.500000001
896,bid,4144,111.0,459984.0,3774277.500000001
897,bid,18,110.98,1997.64,3776275.140000001
898,bid,5,110.95,554.75,3776829.890000001
899,bid,400,110.94,44376.0,3821205.890000001
900,bid,20,110.9,2218.0,3823423.890000001
901,bid,35,110.88,3880.7999999999997,3827304.690000001
902,bid,13,110.85,1441.05,3828745.7400000007
903,bid,5,110.84,554.2,3829299.940000001
904,bid,76,110.8,8420.8,3837720.7400000007
905,bid,155,110.78,17170.9,3854891.6400000006
906,bid,1000,110.77,110770.0,3965661.6400000006
907,bid,420,110.7,46494.0,4012155.6400000006
908,bid,5,110.69,553.45,4012709.090000001
909,bid,5,110.67,553.35,4013262.440000001
910,bid,100,110.63,11063.0,4024325.440000001
911,bid,203,110.6,22451.8,4046777.2400000007
912,bid,3,110.59,331.77,4047109.0100000007
913,bid,100,110.58,11058.0,4058167.0100000007
914,bid,50,110.57,5528.5,4063695.5100000007
915,bid,271,110.55,29959.05,4093654.5600000005
916,bid,857,110.5,94698.5,4188353.0600000005
917,bid,32,110.41,3533.12,4191886.1800000006
918,bid,360,110.4,39744.0,4231630.180000001
919,bid,131,110.3,14449.3,4246079.48
920,bid,20,110.28,2205.6,4248285.08
921,bid,2,110.25,220.5,4248505.58
922,bid,200,110.23,22046.0,4270551.58
923,bid,110,110.22,12124.2,4282675.78
924,bid,51,110.2,5620.2,4288295.98
925,bid,121,110.19,13332.99,4301628.970000001
926,bid,18,110.18,1983.2400000000002,4303612.210000001
927,bid,1,110.17,110.17,4303722.380000001
928,bid,7,110.16,771.12,4304493.500000001
929,bid,100,110.13,11013.0,4315506.500000001
930,bid,8,110.12,880.96,4316387.460000001
931,bid,50,110.11,5505.5,4321892.960000001
932,bid,846,110.1,93144.59999999999,4415037.5600000005
933,bid,48,110.09,5284.32,4420321.880000001
934,bid,10,110.07,1100.6999999999998,4421422.580000001
935,bid,2,110.06,220.12,4421642.700000001
936,bid,1005,110.05,110600.25,4532242.950000001
937,bid,3,110.04,330.12,4532573.070000001
938,bid,5,110.03,550.15,4533123.220000002
939,bid,70,110.02,7701.4,4540824.620000002
940,bid,191,110.01,21011.91,4561836.530000002
941,bid,8884,110.0,977240.0,5539076.530000002
942,bid,100,109.99,10999.0,5550075.530000002
943,bid,100,109.98,10998.0,5561073.530000002
944,bid,10,109.92,1099.2,5562172.730000002
945,bid,117,109.9,12858.300000000001,5575031.030000002
946,bid,100,109.89,10989.0,5586020.030000002
947,bid,1,109.88,109.88,5586129.910000002
948,bid,140,109.86,15380.4,5601510.310000002
949,bid,30,109.85,3295.5,5604805.810000002
950,bid,2,109.84,219.68,5605025.490000002
951,bid,30,109.83,3294.9,5608320.390000002
952,bid,165,109.8,18117.0,5626437.390000002
953,bid,1,109.77,109.77,5626547.160000002
954,bid,32,109.75,3512.0,5630059.160000002
955,bid,26,109.74,2853.24,5632912.400000002
956,bid,80,109.7,8776.0,5641688.400000002
957,bid,1,109.69,109.69,5641798.090000003
958,bid,50,109.68,5484.0,5647282.090000003
959,bid,150,109.67,16450.5,5663732.590000003
960,bid,5,109.66,548.3,5664280.890000002
961,bid,300,109.64,32892.0,5697172.890000002
962,bid,25,109.59,2739.75,5699912.640000002
963,bid,1050,109.58,115059.0,5814971.640000002
964,bid,20,109.53,2190.6,5817162.240000002
965,bid,1345,109.5,147277.5,5964439.740000002
966,bid,5,109.45,547.25,5964986.990000002
967,bid,7,109.44,766.0799999999999,5965753.070000002
968,bid,150,109.43,16414.5,5982167.570000002
969,bid,11,109.4,1203.4,5983370.9700000025
970,bid,23,109.38,2515.74,5985886.710000003
971,bid,100,109.36,10936.0,5996822.710000003
972,bid,20,109.35,2187.0,5999009.710000003
973,bid,1,109.33,109.33,5999119.040000003
974,bid,1,109.3,109.3,5999228.340000003
975,bid,23,109.29,2513.67,6001742.010000003
976,bid,200,109.28,21856.0,6023598.010000003
977,bid,125,109.25,13656.25,6037254.260000003
978,bid,665,109.23,72637.95,6109892.210000003
979,bid,2,109.21,218.42,6110110.630000003
980,bid,34,109.2,3712.8,6113823.4300000025
981,bid,50,109.19,5459.5,6119282.9300000025
982,bid,1,109.17,109.17,6119392.100000002
983,bid,370,109.15,40385.5,6159777.600000002
984,bid,123,109.14,13424.22,6173201.820000002
985,bid,353,109.13,38522.89,6211724.710000002
986,bid,5,109.12,545.6,6212270.310000001
987,bid,47,109.11,5128.17,6217398.480000001
988,bid,101,109.1,11019.099999999999,6228417.580000001
989,bid,300,109.09,32727.0,6261144.580000001
990,bid,201,109.08,21925.079999999998,6283069.660000001
991,bid,100,109.07,10907.0,6293976.660000001
992,bid,101,109.05,11014.05,6304990.710000001
993,bid,11,109.03,1199.33,6306190.040000001
994,bid,1,109.02,109.02,6306299.0600000005
995,bid,1,109.01,109.01,6306408.07
996,bid,4472,109.0,487448.0,6793856.07
997,bid,14,108.97,1525.58,6795381.65
998,bid,200,108.93,21786.0,6817167.65
999,bid,1,108.92,108.92,6817276.57
1000,bid,60,108.9,6534.0,6823810.57
1001,bid,340,108.88,37019.2,6860829.7700000005
1002,bid,200,108.86,21772.0,6882601.7700000005
1003,bid,387,108.8,42105.6,6924707.37
1004,bid,2670,108.75,290362.5,7215069.87
1005,bid,80,108.74,8699.199999999999,7223769.07
1006,bid,10,108.72,1087.2,7224856.2700000005
1007,bid,15,108.7,1630.5,7226486.7700000005
1008,bid,2,108.68,217.36,7226704.130000001
1009,bid,100,108.65,10865.0,7237569.130000001
1010,bid,330,108.6,35838.0,7273407.130000001
1011,bid,10,108.59,1085.9,7274493.030000001
1012,bid,1,108.58,108.58,7274601.610000001
1013,bid,10,108.56,1085.6,7275687.210000001
1014,bid,1,108.55,108.55,7275795.760000001
1015,bid,50,108.54,5427.0,7281222.760000001
1016,bid,3,108.51,325.53000000000003,7281548.290000001
1017,bid,517,108.5,56094.5,7337642.790000001
1018,bid,1,108.45,108.45,7337751.240000001
1019,bid,1,108.44,108.44,7337859.680000002
1020,bid,200,108.42,21684.0,7359543.680000002
1021,bid,267,108.4,28942.800000000003,7388486.480000001
1022,bid,1,108.38,108.38,7388594.860000001
1023,bid,20,108.36,2167.2,7390762.060000001
1024,bid,303,108.35,32830.049999999996,7423592.110000001
1025,bid,105,108.33,11374.65,7434966.760000002
1026,bid,339,108.3,36713.7,7471680.460000002
1027,bid,50,108.29,5414.5,7477094.960000002
1028,bid,10,108.25,1082.5,7478177.460000002
1029,bid,1,108.23,108.23,7478285.690000002
1030,bid,132,108.22,14285.039999999999,7492570.730000002
1031,bid,381,108.21,41228.009999999995,7533798.740000002
1032,bid,478,108.2,51719.6,7585518.340000002
1033,bid,1,108.18,108.18,7585626.520000001
1034,bid,50,108.16,5408.0,7591034.520000001
1035,bid,40,108.15,4326.0,7595360.520000001
1036,bid,29,108.14,3136.06,7598496.580000001
1037,bid,20,108.12,2162.4,7600658.980000001
1038,bid,47,108.11,5081.17,7605740.150000001
1039,bid,599,108.1,64751.899999999994,7670492.050000002
1040,bid,10,108.09,1080.9,7671572.950000002
1041,bid,203,108.08,21940.239999999998,7693513.190000002
1042,bid,131,108.06,14155.86,7707669.050000003
1043,bid,15,108.05,1620.75,7709289.800000003
1044,bid,4,108.02,432.08,7709721.880000003
1045,bid,115,108.01,12421.150000000001,7722143.030000003
1046,bid,10801,108.0,1166508.0,8888651.030000003
1047,bid,55,107.99,5939.45,8894590.480000002
1048,bid,20,107.94,2158.8,8896749.280000003
1049,bid,58,107.9,6258.200000000001,8903007.480000002
1050,bid,63,107.88,6796.44,8909803.920000002
1051,bid,75,107.86,8089.5,8917893.420000002
1052,bid,19,107.84,2048.96,8919942.380000003
1053,bid,204,107.81,21993.24,8941935.620000003
1054,bid,393,107.8,42365.4,8984301.020000003
1055,bid,50,107.77,5388.5,8989689.520000003
1056,bid,310,107.75,33402.5,9023092.020000003
1057,bid,8,107.74,861.92,9023953.940000003
1058,bid,1,107.73,107.73,9024061.670000004
1059,bid,13,107.71,1400.23,9025461.900000004
1060,bid,47,107.7,5061.900000000001,9030523.800000004
1061,bid,105,107.68,11306.400000000001,9041830.200000005
1062,bid,22,107.66,2368.52,9044198.720000004
1063,bid,2,107.65,215.3,9044414.020000005
1064,bid,230,107.6,24748.0,9069162.020000005
1065,bid,11,107.59,1183.49,9070345.510000005
1066,bid,5,107.58,537.9,9070883.410000006
1067,bid,200,107.57,21514.0,9092397.410000006
1068,bid,242,107.55,26027.1,9118424.510000005
1069,bid,427,107.52,45911.04,9164335.550000004
1070,bid,30,107.51,3225.3,9167560.850000005
1071,bid,15872,107.5,1706240.0,10873800.850000005
1072,bid,160,107.49,17198.399999999998,10890999.250000006
1073,bid,19,107.45,2041.55,10893040.800000006
1074,bid,20,107.44,2148.8,10895189.600000007
1075,bid,204,107.4,21909.600000000002,10917099.200000007
1076,bid,100,107.38,10738.0,10927837.200000007
1077,bid,56,107.32,6009.92,10933847.120000007
1078,bid,448,107.3,48070.4,10981917.520000007
1079,bid,80,107.25,8580.0,10990497.520000007
1080,bid,10,107.24,1072.3999999999999,10991569.920000007
1081,bid,18,107.2,1929.6000000000001,10993499.520000007
1082,bid,30,107.15,3214.5,10996714.020000007
1083,bid,2,107.13,214.26,10996928.280000007
1084,bid,1186,107.11,127032.46,11123960.740000008
1085,bid,3164,107.1,338864.39999999997,11462825.140000008
1086,bid,2,107.09,214.18,11463039.320000008
1087,bid,1032,107.08,110506.56,11573545.880000008
1088,bid,437,107.07,46789.59,11620335.470000008
1089,bid,111,107.05,11882.55,11632218.020000009
1090,bid,20,107.04,2140.8,11634358.82000001
1091,bid,2,107.03,214.06,11634572.88000001
1092,bid,73,107.02,7812.46,11642385.340000011
1093,bid,374,107.01,40021.740000000005,11682407.080000011
1094,bid,7743,107.0,828501.0,12510908.080000011
1095,bid,25,106.98,2674.5,12513582.580000011
1096,bid,12,106.97,1283.6399999999999,12514866.220000012
1097,bid,1,106.91,106.91,12514973.130000012
1098,bid,19,106.88,2030.7199999999998,12517003.850000013
1099,bid,1,106.87,106.87,12517110.720000012
1100,bid,448,106.8,47846.4,12564957.120000012
1101,bid,50,106.72,5336.0,12570293.120000012
1102,bid,280,106.7,29876.0,12600169.120000012
1103,bid,70,106.67,7466.900000000001,12607636.020000013
1104,bid,14,106.66,1493.24,12609129.260000013
1105,bid,5,106.61,533.05,12609662.310000014
1106,bid,179,106.6,19081.399999999998,12628743.710000014
1107,bid,2,106.56,213.12,12628956.830000013
1108,bid,57,106.55,6073.349999999999,12635030.180000013
1109,bid,108,106.53,11505.24,12646535.420000013
1110,bid,27,106.52,2876.04,12649411.460000012
1111,bid,289,106.5,30778.5,12680189.960000012
1112,bid,30,106.49,3194.7,12683384.660000011
1113,bid,20,106.48,2129.6,12685514.260000011
1114,bid,40,106.44,4257.6,12689771.86000001
1115,bid,14,106.4,1489.6000000000001,12691261.46000001
1116,bid,2,106.38,212.76,12691474.22000001
1117,bid,15,106.37,1595.5500000000002,12693069.77000001
1118,bid,41,106.33,4359.53,12697429.30000001
1119,bid,1050,106.3,111615.0,12809044.30000001
1120,bid,5,106.28,531.4,12809575.70000001
1121,bid,6,106.22,637.3199999999999,12810213.02000001
1122,bid,1188,106.2,126165.6,12936378.62000001
1123,bid,20,106.19,2123.8,12938502.420000011
1124,bid,49,106.15,5201.35,12943703.77000001
1125,bid,2,106.11,212.22,12943915.990000011
1126,bid,731,106.1,77559.09999999999,13021475.090000011
1127,bid,106,106.07,11243.42,13032718.510000011
1128,bid,10,106.04,1060.4,13033778.910000011
1129,bid,105,106.02,11132.1,13044911.010000011
1130,bid,26,106.01,2756.26,13047667.27000001
1131,bid,8016,106.0,849696.0,13897363.27000001
1132,bid,7,105.99,741.93,13898105.20000001
1133,bid,100,105.98,10598.0,13908703.20000001
1134,bid,20,105.97,2119.4,13910822.60000001
1135,bid,100,105.92,10592.0,13921414.60000001
1136,bid,5,105.9,529.5,13921944.10000001
1137,bid,48,105.88,5082.24,13927026.340000011
1138,bid,100,105.87,10587.0,13937613.340000011
1139,bid,5,105.86,529.3,13938142.640000012
1140,bid,138,105.8,14600.4,13952743.040000012
1141,bid,1500,105.77,158655.0,14111398.040000012
1142,bid,600,105.76,63456.0,14174854.040000012
1143,bid,1,105.75,105.75,14174959.790000012
1144,bid,10,105.73,1057.3,14176017.090000013
1145,bid,3,105.71,317.13,14176334.220000014
1146,bid,60,105.7,6342.0,14182676.220000014
1147,bid,50,105.68,5284.0,14187960.220000014
1148,bid,1,105.67,105.67,14188065.890000014
1149,bid,1,105.66,105.66,14188171.550000014
1150,bid,50,105.61,5280.5,14193452.050000014
1151,bid,97,105.6,10243.199999999999,14203695.250000013
1152,bid,25,105.59,2639.75,14206335.000000013
1153,bid,18,105.58,1900.44,14208235.440000013
1154,bid,94,105.55,9921.699999999999,14218157.140000012
1155,bid,15,105.52,1582.8,14219739.940000013
1156,bid,40,105.51,4220.400000000001,14223960.340000013
1157,bid,626,105.5,66043.0,14290003.340000013
1158,bid,20,105.46,2109.2,14292112.540000012
1159,bid,60,105.45,6327.0,14298439.540000012
1160,bid,83,105.38,8746.539999999999,14307186.080000011
1161,bid,500,105.36,52680.0,14359866.080000011
1162,bid,24,105.33,2527.92,14362394.000000011
1163,bid,51,105.32,5371.32,14367765.320000011
1164,bid,32,105.3,3369.6,14371134.920000011
1165,bid,200,105.28,21056.0,14392190.920000011
1166,bid,115,105.25,12103.75,14404294.670000011
1167,bid,1,105.24,105.24,14404399.910000011
1168,bid,1,105.23,105.23,14404505.140000012
1169,bid,154,105.22,16203.88,14420709.020000013
1170,bid,1,105.21,105.21,14420814.230000013
1171,bid,72,105.2,7574.400000000001,14428388.630000014
1172,bid,32,105.16,3365.12,14431753.750000013
1173,bid,250,105.15,26287.5,14458041.250000013
1174,bid,6,105.11,630.66,14458671.910000013
1175,bid,68,105.1,7146.799999999999,14465818.710000014
1176,bid,502,105.09,52755.18,14518573.890000014
1177,bid,1,105.08,105.08,14518678.970000014
1178,bid,3,105.06,315.18,14518994.150000013
1179,bid,159,105.05,16702.95,14535697.100000013
1180,bid,42,105.03,4411.26,14540108.360000012
1181,bid,5,105.02,525.1,14540633.460000012
1182,bid,622,105.01,65316.22,14605949.680000013
1183,bid,13003,105.0,1365315.0,15971264.680000013
1184,bid,6,104.99,629.9399999999999,15971894.620000012
1185,bid,99,104.98,10393.02,15982287.640000012
1186,bid,55,104.96,5772.799999999999,15988060.440000013
1187,bid,200,104.95,20990.0,16009050.440000013
1188,bid,21,104.93,2203.53,16011253.970000012
1189,bid,53,104.9,5559.700000000001,16016813.670000011
1190,bid,5,104.88,524.4,16017338.070000011
1191,bid,28,104.85,2935.7999999999997,16020273.870000012
1192,bid,51,104.83,5346.33,16025620.200000012
1193,bid,288,104.8,30182.399999999998,16055802.600000013
1194,bid,10,104.78,1047.8,16056850.400000013
1195,bid,29,104.76,3038.04,16059888.440000013
1196,bid,7,104.75,733.25,16060621.690000013
1197,bid,50,104.72,5236.0,16065857.690000013
1198,bid,253,104.7,26489.100000000002,16092346.790000012
1199,bid,20,104.67,2093.4,16094440.190000013
1200,bid,90,104.66,9419.4,16103859.590000013
1201,bid,60,104.65,6279.0,16110138.590000013
1202,bid,173,104.64,18102.72,16128241.310000014
1203,bid,14,104.6,1464.3999999999999,16129705.710000014
1204,bid,2001,104.55,209204.55,16338910.260000015
1205,bid,50,104.54,5227.0,16344137.260000015
1206,bid,1,104.53,104.53,16344241.790000014
1207,bid,140,104.52,14632.8,16358874.590000015
1208,bid,5,104.51,522.5500000000001,16359397.140000015
1209,bid,314,104.5,32813.0,16392210.140000015
1210,bid,9,104.47,940.23,16393150.370000016
1211,bid,1,104.45,104.45,16393254.820000015
1212,bid,3,104.44,313.32,16393568.140000015
1213,bid,6,104.4,626.4000000000001,16394194.540000016
1214,bid,1,104.39,104.39,16394298.930000016
1215,bid,4,104.33,417.32,16394716.250000017
1216,bid,6,104.3,625.8,16395342.050000018
1217,bid,2,104.28,208.56,16395550.610000018
1218,bid,20,104.27,2085.4,16397636.010000018
1219,bid,452,104.2,47098.4,16444734.410000019
1220,bid,10,104.16,1041.6,16445776.010000018
1221,bid,1,104.1,104.1,16445880.110000018
1222,bid,50,104.01,5200.5,16451080.610000018
1223,bid,2515,104.0,261560.0,16712640.610000018
1224,bid,11,103.98,1143.78,16713784.390000017
1225,bid,16,103.9,1662.4,16715446.790000018
1226,bid,426,103.88,44252.88,16759699.670000019
1227,bid,166,103.8,17230.8,16776930.47000002
1228,bid,100,103.71,10371.0,16787301.47000002
1229,bid,32,103.7,3318.4,16790619.87000002
1230,bid,1,103.69,103.69,16790723.56000002
1231,bid,20,103.68,2073.6000000000004,16792797.160000023
1232,bid,5,103.6,518.0,16793315.160000023
1233,bid,592,103.5,61272.0,16854587.160000023
1234,bid,5,103.44,517.2,16855104.36000002
1235,bid,10,103.4,1034.0,16856138.36000002
1236,bid,1,103.39,103.39,16856241.750000022
1237,bid,104,103.35,10748.4,16866990.15000002
1238,bid,105,103.3,10846.5,16877836.65000002
1239,bid,13,103.29,1342.77,16879179.42000002
1240,bid,250,103.25,25812.5,16904991.92000002
1241,bid,1,103.24,103.24,16905095.16000002
1242,bid,354,103.2,36532.8,16941627.96000002
1243,bid,1,103.14,103.14,16941731.10000002
1244,bid,2,103.12,206.24,16941937.34000002
1245,bid,11,103.1,1134.1,16943071.44000002
1246,bid,10,103.09,1030.9,16944102.34000002
1247,bid,31,103.05,3194.5499999999997,16947296.89000002
1248,bid,1,103.01,103.01,16947399.90000002
1249,bid,2091,103.0,215373.0,17162772.90000002
1250,bid,4,102.9,411.6,17163184.500000022
1251,bid,20,102.89,2057.8,17165242.300000023
1252,bid,81,102.88,8333.279999999999,17173575.580000024
1253,bid,1100,102.85,113135.0,17286710.580000024
1254,bid,5,102.8,514.0,17287224.580000024
1255,bid,120,102.79,12334.800000000001,17299559.380000025
1256,bid,2,102.77,205.54,17299764.920000024
1257,bid,8,102.76,822.08,17300587.000000022
1258,bid,12,102.6,1231.1999999999998,17301818.20000002
1259,bid,10,102.58,1025.8,17302844.000000022
1260,bid,195,102.56,19999.2,17322843.20000002
1261,bid,12,102.55,1230.6,17324073.800000023
1262,bid,3,102.52,307.56,17324381.36000002
1263,bid,1433,102.5,146882.5,17471263.86000002
1264,bid,3,102.48,307.44,17471571.300000023
1265,bid,12,102.44,1229.28,17472800.580000024
1266,bid,1,102.41,102.41,17472902.990000024
1267,bid,10,102.39,1023.9,17473926.890000023
1268,bid,2,102.33,204.66,17474131.550000023
1269,bid,10,102.32,1023.1999999999999,17475154.750000022
1270,bid,18,102.3,1841.3999999999999,17476996.15000002
1271,bid,1025,102.28,104837.0,17581833.15000002
1272,bid,2,102.23,204.46,17582037.61000002
1273,bid,45,102.22,4599.9,17586637.51000002
1274,bid,52,102.2,5314.400000000001,17591951.91000002
1275,bid,60,102.19,6131.4,17598083.310000017
1276,bid,1,102.18,102.18,17598185.490000017
1277,bid,12,102.1,1225.1999999999998,17599410.690000016
1278,bid,50,102.04,5102.0,17604512.690000016
1279,bid,65,102.02,6631.3,17611143.990000017
1280,bid,75,102.01,7650.75,17618794.740000017
1281,bid,3017,102.0,307734.0,17926528.740000017
1282,bid,110,101.88,11206.8,17937735.540000018
1283,bid,1,101.86,101.86,17937837.400000017
1284,bid,1,101.85,101.85,17937939.25000002
1285,bid,21,101.8,2137.7999999999997,17940077.05000002
1286,bid,10,101.76,1017.6,17941094.65000002
1287,bid,5,101.7,508.5,17941603.15000002
1288,bid,20,101.69,2033.8,17943636.95000002
1289,bid,115,101.68,11693.2,17955330.15000002
1290,bid,50,101.67,5083.5,17960413.65000002
1291,bid,25,101.66,2541.5,17962955.15000002
1292,bid,1,101.6,101.6,17963056.750000022
1293,bid,30,101.53,3045.9,17966102.65000002
1294,bid,1460,101.5,148190.0,18114292.65000002
1295,bid,1,101.48,101.48,18114394.13000002
1296,bid,4,101.47,405.88,18114800.01000002
1297,bid,125,101.41,12676.25,18127476.26000002
1298,bid,29,101.33,2938.57,18130414.83000002
1299,bid,10,101.27,1012.6999999999999,18131427.53000002
1300,bid,5,101.25,506.25,18131933.78000002
1301,bid,1,101.23,101.23,18132035.01000002
1302,bid,12,101.22,1214.6399999999999,18133249.65000002
1303,bid,270,101.2,27324.0,18160573.65000002
1304,bid,501,101.18,50691.18,18211264.83000002
1305,bid,100,101.13,10113.0,18221377.83000002
1306,bid,2,101.12,202.24,18221580.07000002
1307,bid,149,101.11,15065.39,18236645.46000002
1308,bid,309,101.1,31239.899999999998,18267885.360000018
1309,bid,123,101.05,12429.15,18280314.510000017
1310,bid,42,101.03,4243.26,18284557.77000002
1311,bid,668,101.01,67474.68000000001,18352032.450000018
1312,bid,6323,101.0,638623.0,18990655.450000018
1313,bid,520,100.99,52514.799999999996,19043170.25000002
1314,bid,36,100.9,3632.4,19046802.650000017
1315,bid,40,100.88,4035.2,19050837.850000016
1316,bid,103,100.8,10382.4,19061220.250000015
1317,bid,62,100.77,6247.74,19067467.990000013
1318,bid,15,100.7,1510.5,19068978.490000013
1319,bid,100,100.66,10066.0,19079044.490000013
1320,bid,60,100.65,6039.0,19085083.490000013
1321,bid,610,100.6,61366.0,19146449.490000013
1322,bid,8,100.57,804.56,19147254.050000012
1323,bid,110,100.51,11056.1,19158310.150000013
1324,bid,1808,100.5,181704.0,19340014.150000013
1325,bid,30,100.44,3013.2,19343027.350000013
1326,bid,10,100.42,1004.2,19344031.550000012
1327,bid,2100,100.4,210840.0,19554871.550000012
1328,bid,18,100.36,1806.48,19556678.030000012
1329,bid,200,100.33,20066.0,19576744.030000012
1330,bid,31,100.3,3109.2999999999997,19579853.330000013
1331,bid,5,100.28,501.4,19580354.73000001
1332,bid,50,100.26,5013.0,19585367.73000001
1333,bid,30,100.25,3007.5,19588375.23000001
1334,bid,55,100.23,5512.650000000001,19593887.88000001
1335,bid,131,100.2,13126.2,19607014.08000001
1336,bid,65,100.18,6511.700000000001,19613525.78000001
1337,bid,120,100.15,12018.0,19625543.78000001
1338,bid,15,100.12,1501.8000000000002,19627045.58000001
1339,bid,236,100.11,23625.96,19650671.54000001
1340,bid,557,100.1,55755.7,19706427.24000001
1341,bid,2,100.08,200.16,19706627.40000001
1342,bid,2,100.06,200.12,19706827.52000001
1343,bid,2609,100.05,261030.44999999998,19967857.97000001
1344,bid,18,100.04,1800.72,19969658.69000001
1345,bid,4,100.03,400.12,19970058.81000001
1346,bid,10,100.02,1000.1999999999999,19971059.01000001
1347,bid,2206,100.01,220622.06,20191681.070000008
1348,bid,16248,100.0,1624800.0,21816481.070000008
1349,bid,134,99.99,13398.66,21829879.730000008
1350,bid,113,99.98,11297.74,21841177.470000006
1351,bid,8,99.96,799.68,21841977.150000006
1352,bid,300,99.95,29985.0,21871962.150000006
1353,bid,15,99.93,1498.95,21873461.100000005
1354,bid,1,99.92,99.92,21873561.020000007
1355,bid,220,99.9,21978.0,21895539.020000007
1356,bid,110,99.88,10986.8,21906525.820000008
1357,bid,25,99.85,2496.25,21909022.070000008
1358,bid,20,99.84,1996.8000000000002,21911018.87000001
1359,bid,100,99.83,9983.0,21921001.87000001
1360,bid,10,99.82,998.1999999999999,21922000.070000008
1361,bid,1,99.81,99.81,21922099.880000006
1362,bid,263,99.8,26247.399999999998,21948347.280000005
1363,bid,10,99.78,997.8,21949345.080000006
1364,bid,1,99.77,99.77,21949444.850000005
1365,bid,80,99.75,7980.0,21957424.850000005
1366,bid,50,99.74,4987.0,21962411.850000005
1367,bid,1,99.69,99.69,21962511.540000007
1368,bid,5,99.65,498.25,21963009.790000007
1369,bid,44,99.6,4382.4,21967392.190000005
1370,bid,60,99.58,5974.8,21973366.990000006
1371,bid,1,99.53,99.53,21973466.520000007
1372,bid,26,99.51,2587.26,21976053.78000001
1373,bid,23,99.5,2288.5,21978342.28000001
1374,bid,10,99.39,993.9,21979336.180000007
1375,bid,31,99.27,3077.37,21982413.55000001
1376,bid,4,99.13,396.52,21982810.070000008
1377,bid,25,99.1,2477.5,21985287.570000008
1378,bid,2,99.06,198.12,21985485.69000001
1379,bid,2,99.05,198.1,21985683.79000001
1380,bid,300,99.01,29703.0,22015386.79000001
1381,bid,16983,99.0,1681317.0,23696703.79000001
1382,bid,6,98.99,593.9399999999999,23697297.73000001
1383,bid,1,98.98,98.98,23697396.710000012
1384,bid,50,98.92,4946.0,23702342.710000012
1385,bid,15,98.9,1483.5,23703826.210000012
1386,bid,5,98.89,494.45,23704320.66000001
1387,bid,59,98.88,5833.92,23710154.580000013
1388,bid,5,98.86,494.3,23710648.880000014
1389,bid,109,98.8,10769.199999999999,23721418.080000013
1390,bid,100,98.77,9877.0,23731295.080000013
1391,bid,14,98.76,1382.64,23732677.720000014
1392,bid,200,98.68,19736.0,23752413.720000014
1393,bid,1,98.66,98.66,23752512.380000014
1394,bid,1,98.6,98.6,23752610.980000015
1395,bid,20,98.59,1971.8000000000002,23754582.780000016
1396,bid,23,98.55,2266.65,23756849.430000015
1397,bid,52,98.5,5122.0,23761971.430000015
1398,bid,30,98.33,2949.9,23764921.330000013
1399,bid,200,98.22,19644.0,23784565.330000013
1400,bid,20,98.21,1964.1999999999998,23786529.530000012
1401,bid,7,98.2,687.4,23787216.93000001
1402,bid,2,98.19,196.38,23787413.31000001
1403,bid,2,98.14,196.28,23787609.59000001
1404,bid,8,98.1,784.8,23788394.39000001
1405,bid,15,98.03,1470.45,23789864.84000001
1406,bid,8414,98.0,824572.0,24614436.84000001
1407,bid,25,97.92,2448.0,24616884.84000001
1408,bid,1,97.9,97.9,24616982.74000001
1409,bid,25,97.84,2446.0,24619428.74000001
1410,bid,1,97.8,97.8,24619526.54000001
1411,bid,43,97.78,4204.54,24623731.08000001
1412,bid,5,97.75,488.75,24624219.83000001
1413,bid,30,97.63,2928.8999999999996,24627148.730000008
1414,bid,15,97.6,1464.0,24628612.730000008
1415,bid,5,97.56,487.8,24629100.53000001
1416,bid,1,97.55,97.55,24629198.08000001
1417,bid,107,97.5,10432.5,24639630.58000001
1418,bid,3,97.48,292.44,24639923.02000001
1419,bid,333,97.42,32440.86,24672363.88000001
1420,bid,6,97.37,584.22,24672948.10000001
1421,bid,9,97.31,875.79,24673823.890000008
1422,bid,34,97.3,3308.2,24677132.090000007
1423,bid,20,97.25,1945.0,24679077.090000007
1424,bid,90,97.23,8750.7,24687827.790000007
1425,bid,35,97.2,3402.0,24691229.790000007
1426,bid,3,97.1,291.29999999999995,24691521.090000007
1427,bid,15,97.07,1456.05,24692977.140000008
1428,bid,10,97.05,970.5,24693947.640000008
1429,bid,189,97.03,18338.670000000002,24712286.31000001
1430,bid,907,97.0,87979.0,24800265.31000001
1431,bid,5,96.96,484.79999999999995,24800750.11000001
1432,bid,55,96.93,5331.150000000001,24806081.26000001
1433,bid,4,96.82,387.28,24806468.54000001
1434,bid,165,96.8,15972.0,24822440.54000001
1435,bid,1,96.79,96.79,24822537.33000001
1436,bid,40,96.77,3870.7999999999997,24826408.13000001
1437,bid,4,96.76,387.04,24826795.17000001
1438,bid,3,96.68,290.04,24827085.21000001
1439,bid,14,96.66,1353.24,24828438.450000007
1440,bid,30,96.6,2898.0,24831336.450000007
1441,bid,3,96.5,289.5,24831625.950000007
1442,bid,2,96.32,192.64,24831818.590000007
1443,bid,1,96.3,96.3,24831914.890000008
1444,bid,4,96.28,385.12,24832300.01000001
1445,bid,3,96.1,288.29999999999995,24832588.31000001
1446,bid,20,96.08,1921.6,24834509.91000001
1447,bid,1999,96.0,191904.0,25026413.91000001
1448,bid,100,95.88,9588.0,25036001.91000001
1449,bid,19,95.8,1820.2,25037822.11000001
1450,bid,1,95.79,95.79,25037917.90000001
1451,bid,5,95.7,478.5,25038396.40000001
1452,bid,5,95.58,477.9,25038874.30000001
1453,bid,91,95.5,8690.5,25047564.80000001
1454,bid,2,95.4,190.8,25047755.60000001
1455,bid,1,95.39,95.39,25047850.99000001
1456,bid,20,95.38,1907.6,25049758.59000001
1457,bid,2,95.3,190.6,25049949.190000013
1458,bid,120,95.23,11427.6,25061376.790000014
1459,bid,100,95.22,9522.0,25070898.790000014
1460,bid,10,95.2,952.0,25071850.790000014
1461,bid,10,95.09,950.9000000000001,25072801.690000013
1462,bid,114,95.05,10835.699999999999,25083637.39000001
1463,bid,300,95.03,28509.0,25112146.39000001
1464,bid,311,95.01,29548.11,25141694.50000001
1465,bid,2601,95.0,247095.0,25388789.50000001
1466,bid,3,94.98,284.94,25389074.440000013
1467,bid,20,94.96,1899.1999999999998,25390973.64000001
1468,bid,2000,94.94,189880.0,25580853.64000001
1469,bid,4,94.89,379.56,25581233.20000001
1470,bid,5,94.86,474.3,25581707.50000001
1471,bid,5,94.75,473.75,25582181.25000001
1472,bid,1,94.65,94.65,25582275.90000001
1473,bid,1,94.64,94.64,25582370.54000001
1474,bid,20,94.6,1892.0,25584262.54000001
1475,bid,31,94.5,2929.5,25587192.04000001
1476,bid,20,94.36,1887.2,25589079.24000001
1477,bid,5,94.25,471.25,25589550.49000001
1478,bid,502,94.0,47188.0,25636738.49000001
1479,bid,100,93.88,9388.0,25646126.49000001
1480,bid,1,93.66,93.66,25646220.15000001
1481,bid,42,93.5,3927.0,25650147.15000001
1482,bid,10,93.39,933.9,25651081.05000001
1483,bid,10,93.3,933.0,25652014.05000001
1484,bid,5,93.25,466.25,25652480.30000001
1485,bid,9,93.23,839.07,25653319.37000001
1486,bid,50,93.13,4656.5,25657975.87000001
1487,bid,236,93.0,21948.0,25679923.87000001
1488,bid,1,92.88,92.88,25680016.750000007
1489,bid,10,92.8,928.0,25680944.750000007
1490,bid,5,92.75,463.75,25681408.500000007
1491,bid,30,92.63,2778.8999999999996,25684187.400000006
1492,bid,200,92.59,18518.0,25702705.400000006
1493,bid,20,92.58,1851.6,25704557.000000007
1494,bid,1,92.55,92.55,25704649.55000001
1495,bid,55,92.5,5087.5,25709737.05000001
1496,bid,3,92.48,277.44,25710014.49000001
1497,bid,92,92.42,8502.64,25718517.13000001
1498,bid,8,92.37,738.96,25719256.09000001
1499,bid,20,92.28,1845.6,25721101.690000013
1500,bid,150,92.2,13830.0,25734931.690000013
1501,bid,26,92.18,2396.6800000000003,25737328.370000012
1502,bid,6,92.1,552.5999999999999,25737880.970000014
1503,bid,75,92.06,6904.5,25744785.470000014
1504,bid,653,92.0,60076.0,25804861.470000014
1505,bid,16,91.95,1471.2,25806332.670000013
1506,bid,5,91.88,459.4,25806792.07000001
1507,bid,21,91.8,1927.8,25808719.870000012
1508,bid,300,91.7,27510.0,25836229.870000012
1509,bid,100,91.68,9168.0,25845397.870000012
1510,bid,105,91.6,9618.0,25855015.870000012
1511,bid,335,91.5,30652.5,25885668.370000012
1512,bid,100,91.36,9136.0,25894804.370000012
1513,bid,5,91.25,456.25,25895260.620000012
1514,bid,500,91.2,45600.0,25940860.620000012
1515,bid,1,91.15,91.15,25940951.77000001
1516,bid,20,91.12,1822.4,25942774.17000001
1517,bid,15,91.07,1366.05,25944140.22000001
1518,bid,2,91.04,182.08,25944322.30000001
1519,bid,702,91.0,63882.0,26008204.30000001
1520,bid,150,90.95,13642.5,26021846.80000001
1521,bid,50,90.9,4545.0,26026391.80000001
1522,bid,30,90.85,2725.5,26029117.30000001
1523,bid,113,90.8,10260.4,26039377.700000007
1524,bid,5,90.75,453.75,26039831.450000007
1525,bid,7,90.7,634.9,26040466.350000005
1526,bid,1,90.55,90.55,26040556.900000006
1527,bid,55,90.5,4977.5,26045534.400000006
1528,bid,6,90.38,542.28,26046076.680000007
1529,bid,2,90.3,180.6,26046257.28000001
1530,bid,2,90.28,180.56,26046437.840000007
1531,bid,5,90.25,451.25,26046889.090000007
1532,bid,13,90.09,1171.17,26048060.26000001
1533,bid,5,90.02,450.09999999999997,26048510.36000001
1534,bid,280,90.01,25202.800000000003,26073713.16000001
1535,bid,5134,90.0,462060.0,26535773.16000001
1536,bid,7,89.99,629.93,26536403.09000001
1537,bid,3,89.98,269.94,26536673.030000012
1538,bid,1,89.9,89.9,26536762.93000001
1539,bid,200,89.89,17978.0,26554740.93000001
1540,bid,1,89.84,89.84,26554830.77000001
1541,bid,1,89.8,89.8,26554920.57000001
1542,bid,300,89.58,26874.0,26581794.57000001
1543,bid,2,89.5,179.0,26581973.57000001
1544,bid,300,89.4,26820.0,26608793.57000001
1545,bid,736,89.0,65504.0,26674297.57000001
1546,bid,2,88.91,177.82,26674475.39000001
1547,bid,329,88.88,29241.519999999997,26703716.91000001
1548,bid,11,88.83,977.13,26704694.04000001
1549,bid,117,88.8,10389.6,26715083.64000001
1550,bid,26,88.2,2293.2000000000003,26717376.84000001
1551,bid,102,88.1,8986.199999999999,26726363.04000001
1552,bid,15,88.01,1320.15,26727683.19000001
1553,bid,1360,88.0,119680.0,26847363.19000001
1554,bid,1,87.9,87.9,26847451.090000007
1555,bid,1,87.61,87.61,26847538.700000007
1556,bid,150,87.5,13125.0,26860663.700000007
1557,bid,3,87.48,262.44,26860926.140000008
1558,bid,7,87.37,611.59,26861537.730000008
1559,bid,94,87.0,8178.0,26869715.730000008
1560,bid,50,86.76,4338.0,26874053.730000008
1561,bid,71,86.22,6121.62,26880175.35000001
1562,bid,1,86.2,86.2,26880261.55000001
1563,bid,201,86.0,17286.0,26897547.55000001
1564,bid,5,85.7,428.5,26897976.05000001
1565,bid,2502,85.55,214046.1,27112022.15000001
1566,bid,5,85.5,427.5,27112449.65000001
1567,bid,400,85.25,34100.0,27146549.65000001
1568,bid,14,85.1,1191.3999999999999,27147741.05000001
1569,bid,1,85.06,85.06,27147826.110000007
1570,bid,15,85.01,1275.15,27149101.260000005
1571,bid,963,85.0,81855.0,27230956.260000005
1572,bid,3,84.98,254.94,27231211.200000007
1573,bid,20,84.6,1692.0,27232903.200000007
1574,bid,150,84.1,12615.0,27245518.200000007
1575,bid,137,84.0,11508.0,27257026.200000007
1576,bid,100,83.66,8366.0,27265392.200000007
1577,bid,16,83.54,1336.64,27266728.840000007
1578,bid,15,83.4,1251.0,27267979.840000007
1579,bid,167,83.0,13861.0,27281840.840000007
1580,bid,20,82.72,1654.4,27283495.240000006
1581,bid,1,82.66,82.66,27283577.900000006
1582,bid,40,82.63,3305.2,27286883.100000005
1583,bid,3,82.48,247.44,27287130.540000007
1584,bid,10,82.02,820.1999999999999,27287950.740000006
1585,bid,410,82.0,33620.0,27321570.740000006
1586,bid,200,81.87,16374.0,27337944.740000006
1587,bid,15,81.7,1225.5,27339170.240000006
1588,bid,9,81.6,734.4,27339904.640000004
1589,bid,200,81.22,16244.0,27356148.640000004
1590,bid,5,81.2,406.0,27356554.640000004
1591,bid,197,81.0,15957.0,27372511.640000004
1592,bid,5,80.98,404.90000000000003,27372916.540000003
1593,bid,37,80.8,2989.6,27375906.140000004
1594,bid,5,80.7,403.5,27376309.640000004
1595,bid,160,80.5,12880.0,27389189.640000004
1596,bid,165,80.08,13213.199999999999,27402402.840000004
1597,bid,106,80.01,8481.060000000001,27410883.900000002
1598,bid,3406,80.0,272480.0,27683363.900000002
1599,bid,2,79.69,159.38,27683523.28
1600,bid,10,79.0,790.0,27684313.28
1601,bid,200,78.25,15650.0,27699963.28
1602,bid,100,78.05,7805.0,27707768.28
1603,bid,204,78.0,15912.0,27723680.28
1604,bid,1,77.9,77.9,27723758.18
1605,bid,9,77.37,696.33,27724454.509999998
1606,bid,15,77.17,1157.55,27725612.06
1607,bid,338,77.0,26026.0,27751638.06
1608,bid,196,76.0,14896.0,27766534.06
1609,bid,100,75.01,7501.000000000001,27774035.06
1610,bid,638,75.0,47850.0,27821885.06
1611,bid,100,74.05,7405.0,27829290.06
1612,bid,30,74.0,2220.0,27831510.06
1613,bid,10,73.74,737.4,27832247.459999997
1614,bid,586,73.0,42778.0,27875025.459999997
1615,bid,2,72.2,144.4,27875169.859999996
1616,bid,132,72.0,9504.0,27884673.859999996
1617,bid,5,71.43,357.15000000000003,27885031.009999994
1618,bid,40,71.1,2844.0,27887875.009999994
1619,bid,28,71.0,1988.0,27889863.009999994
1620,bid,3,70.8,212.39999999999998,27890075.409999993
1621,bid,100,70.01,7001.000000000001,27897076.409999993
1622,bid,5369,70.0,375830.0,28272906.409999993
1623,bid,70,69.99,4899.299999999999,28277805.709999993
1624,bid,10,69.0,690.0,28278495.709999993
1625,bid,5,68.8,344.0,28278839.709999993
1626,bid,12,68.0,816.0,28279655.709999993
1627,bid,1,67.9,67.9,28279723.609999992
1628,bid,41,67.0,2747.0,28282470.609999992
1629,bid,1,66.0,66.0,28282536.609999992
1630,bid,1,65.1,65.1,28282601.709999993
1631,bid,297,65.0,19305.0,28301906.709999993
1632,bid,4,64.59,258.36,28302165.069999993
1633,bid,200,64.5,12900.0,28315065.069999993
1634,bid,2,63.0,126.0,28315191.069999993
1635,bid,400,62.74,25096.0,28340287.069999993
1636,bid,1,62.56,62.56,28340349.62999999
1637,bid,100,62.0,6200.0,28346549.62999999
1638,bid,32,61.0,1952.0,28348501.62999999
1639,bid,1,60.05,60.05,28348561.679999992
1640,bid,100,60.01,6001.0,28354562.679999992
1641,bid,510,60.0,30600.0,28385162.679999992
1642,bid,39,58.78,2292.42,28387455.099999994
1643,bid,10,58.0,580.0,28388035.099999994
1644,bid,1,56.0,56.0,28388091.099999994
1645,bid,3,55.55,166.64999999999998,28388257.749999993
1646,bid,2,55.0,110.0,28388367.749999993
1647,bid,10,53.0,530.0,28388897.749999993
1648,bid,39,51.0,1989.0,28390886.749999993
1649,bid,20,50.55,1011.0,28391897.749999993
1650,bid,6,50.18,301.08,28392198.82999999
1651,bid,1281,50.0,64050.0,28456248.82999999
1652,bid,1,49.0,49.0,28456297.82999999
1653,bid,11,48.0,528.0,28456825.82999999
1654,bid,1,46.0,46.0,28456871.82999999
1655,bid,7,45.0,315.0,28457186.82999999
1656,bid,11,43.0,473.0,28457659.82999999
1657,bid,1,41.0,41.0,28457700.82999999
1658,bid,611,40.0,24440.0,28482140.82999999
1659,bid,10,38.2,382.0,28482522.82999999
1660,bid,11,38.0,418.0,28482940.82999999
1661,bid,1,36.0,36.0,28482976.82999999
1662,bid,30,35.2,1056.0,28484032.82999999
1663,bid,11,33.0,363.0,28484395.82999999
1664,bid,1,32.0,32.0,28484427.82999999
1665,bid,1,31.0,31.0,28484458.82999999
1666,bid,131,30.0,3930.0,28488388.82999999
1667,bid,100,25.01,2501.0,28490889.82999999
1668,bid,1,25.0,25.0,28490914.82999999
1669,bid,250,20.0,5000.0,28495914.82999999
1670,bid,1,16.0,16.0,28495930.82999999
1671,bid,1,11.24,11.24,28495942.06999999
1672,bid,1,11.0,11.0,28495953.06999999
1673,bid,500,10.0,5000.0,28500953.06999999
1674,bid,1,9.0,9.0,28500962.06999999
1675,bid,1,2.5,2.5,28500964.56999999
1676,bid,2500,1.13,2824.9999999999995,28503789.56999999
1677,bid,1,1.0,1.0,28503790.56999999
